device_id,terminal_type,device_identifier
wireless_1,wireless,mobile_1
wireless_2,wireless,mobile_2
wireless_3,wireless,mobile_3
wireless_4,wireless,mobile_4
wireless_5,wireless,mobile_5
wireless_6,wireless,mobile_6
wireless_7,wireless,mobile_7
wireless_8,wireless,mobile_8
wireless_9,wireless,mobile_9
wireless_10,wireless,mobile_10
wireless_11,wireless,mobile_11
wireless_12,wireless,mobile_12
wireless_13,wireless,mobile_13
wireless_14,wireless,mobile_14
wireless_15,wireless,mobile_15
wireless_16,wireless,mobile_16
wireless_17,wireless,mobile_17
wireless_18,wireless,mobile_18
wireless_19,wireless,mobile_19
wireless_20,wireless,mobile_20
wireless_21,wireless,mobile_21
wireless_22,wireless,mobile_22
wireless_23,wireless,mobile_23
wireless_24,wireless,mobile_24
wireless_25,wireless,mobile_25
wireless_26,wireless,mobile_26
wireless_27,wireless,mobile_27
wireless_28,wireless,mobile_28
wireless_29,wireless,mobile_29
wireless_30,wireless,mobile_30
wireless_31,wireless,mobile_31
wireless_32,wireless,mobile_32
wireless_33,wireless,mobile_33
wireless_34,wireless,mobile_34
wireless_35,wireless,mobile_35
wireless_36,wireless,mobile_36
wireless_37,wireless,mobile_37
wireless_38,wireless,mobile_38
wireless_39,wireless,mobile_39
wireless_40,wireless,mobile_40
wireless_41,wireless,mobile_41
wireless_42,wireless,mobile_42
wireless_43,wireless,mobile_43
wireless_44,wireless,mobile_44
wireless_45,wireless,mobile_45
wireless_46,wireless,mobile_46
wireless_47,wireless,mobile_47
wireless_48,wireless,mobile_48
wireless_49,wireless,mobile_49
wireless_50,wireless,mobile_50
wireless_51,wireless,mobile_51
wireless_52,wireless,mobile_52
wireless_53,wireless,mobile_53
wireless_54,wireless,mobile_54
wireless_55,wireless,mobile_55
wireless_56,wireless,mobile_56
wireless_57,wireless,mobile_57
wireless_58,wireless,mobile_58
wireless_59,wireless,mobile_59
wireless_60,wireless,mobile_60
wireless_61,wireless,mobile_61
wireless_62,wireless,mobile_62
wireless_63,wireless,mobile_63
wireless_64,wireless,mobile_64
wireless_65,wireless,mobile_65
wireless_66,wireless,mobile_66
wireless_67,wireless,mobile_67
wireless_68,wireless,mobile_68
wireless_69,wireless,mobile_69
wireless_70,wireless,mobile_70
wireless_71,wireless,mobile_71
wireless_72,wireless,mobile_72
wireless_73,wireless,mobile_73
wireless_74,wireless,mobile_74
wireless_75,wireless,mobile_75
wireless_76,wireless,mobile_76
wireless_77,wireless,mobile_77
wireless_78,wireless,mobile_78
wireless_79,wireless,mobile_79
wireless_80,wireless,mobile_80
wireless_81,wireless,mobile_81
wireless_82,wireless,mobile_82
wireless_83,wireless,mobile_83
wireless_84,wireless,mobile_84
wireless_85,wireless,mobile_85
wireless_86,wireless,mobile_86
wireless_87,wireless,mobile_87
wireless_88,wireless,mobile_88
wireless_89,wireless,mobile_89
wireless_90,wireless,mobile_90
wireless_91,wireless,mobile_91
wireless_92,wireless,mobile_92
wireless_93,wireless,mobile_93
wireless_94,wireless,mobile_94
wireless_95,wireless,mobile_95
wireless_96,wireless,mobile_96
wireless_97,wireless,mobile_97
wireless_98,wireless,mobile_98
wireless_99,wireless,mobile_99
wireless_100,wireless,mobile_100
wireless_101,wireless,mobile_101
wireless_102,wireless,mobile_102
wireless_103,wireless,mobile_103
wireless_104,wireless,mobile_104
wireless_105,wireless,mobile_105
wireless_106,wireless,mobile_106
wireless_107,wireless,mobile_107
wireless_108,wireless,mobile_108
wireless_109,wireless,mobile_109
wireless_110,wireless,mobile_110
wireless_111,wireless,mobile_111
wireless_112,wireless,mobile_112
wireless_113,wireless,mobile_113
wireless_114,wireless,mobile_114
wireless_115,wireless,mobile_115
wireless_116,wireless,mobile_116
wireless_117,wireless,mobile_117
wireless_118,wireless,mobile_118
wireless_119,wireless,mobile_119
wireless_120,wireless,mobile_120
wireless_121,wireless,mobile_121
wireless_122,wireless,mobile_122
wireless_123,wireless,mobile_123
wireless_124,wireless,mobile_124
wireless_125,wireless,mobile_125
wireless_126,wireless,mobile_126
wireless_127,wireless,mobile_127
wireless_128,wireless,mobile_128
wireless_129,wireless,mobile_129
wireless_130,wireless,mobile_130
wireless_131,wireless,mobile_131
wireless_132,wireless,mobile_132
wireless_133,wireless,mobile_133
wireless_134,wireless,mobile_134
wireless_135,wireless,mobile_135
wireless_136,wireless,mobile_136
wireless_137,wireless,mobile_137
wireless_138,wireless,mobile_138
wireless_139,wireless,mobile_139
wireless_140,wireless,mobile_140
wireless_141,wireless,mobile_141
wireless_142,wireless,mobile_142
wireless_143,wireless,mobile_143
wireless_144,wireless,mobile_144
wireless_145,wireless,mobile_145
wireless_146,wireless,mobile_146
wireless_147,wireless,mobile_147
wireless_148,wireless,mobile_148
wireless_149,wireless,mobile_149
wireless_150,wireless,mobile_150
wireless_151,wireless,mobile_151
wireless_152,wireless,mobile_152
wireless_153,wireless,mobile_153
wireless_154,wireless,mobile_154
wireless_155,wireless,mobile_155
wireless_156,wireless,mobile_156
wireless_157,wireless,mobile_157
wireless_158,wireless,mobile_158
wireless_159,wireless,mobile_159
wireless_160,wireless,mobile_160
wireless_161,wireless,mobile_161
wireless_162,wireless,mobile_162
wireless_163,wireless,mobile_163
wireless_164,wireless,mobile_164
wireless_165,wireless,mobile_165
wireless_166,wireless,mobile_166
wireless_167,wireless,mobile_167
wireless_168,wireless,mobile_168
wireless_169,wireless,mobile_169
wireless_170,wireless,mobile_170
wireless_171,wireless,mobile_171
wireless_172,wireless,mobile_172
wireless_173,wireless,mobile_173
wireless_174,wireless,mobile_174
wireless_175,wireless,mobile_175
wireless_176,wireless,mobile_176
wireless_177,wireless,mobile_177
wireless_178,wireless,mobile_178
wireless_179,wireless,mobile_179
wireless_180,wireless,mobile_180
wireless_181,wireless,mobile_181
wireless_182,wireless,mobile_182
wireless_183,wireless,mobile_183
wireless_184,wireless,mobile_184
wireless_185,wireless,mobile_185
wireless_186,wireless,mobile_186
wireless_187,wireless,mobile_187
wireless_188,wireless,mobile_188
wireless_189,wireless,mobile_189
wireless_190,wireless,mobile_190
wireless_191,wireless,mobile_191
wireless_192,wireless,mobile_192
wireless_193,wireless,mobile_193
wireless_194,wireless,mobile_194
wireless_195,wireless,mobile_195
wireless_196,wireless,mobile_196
wireless_197,wireless,mobile_197
wireless_198,wireless,mobile_198
wireless_199,wireless,mobile_199
wireless_200,wireless,mobile_200
wireless_201,wireless,mobile_201
wireless_202,wireless,mobile_202
wireless_203,wireless,mobile_203
wireless_204,wireless,mobile_204
wireless_205,wireless,mobile_205
wireless_206,wireless,mobile_206
wireless_207,wireless,mobile_207
wireless_208,wireless,mobile_208
wireless_209,wireless,mobile_209
wireless_210,wireless,mobile_210
wireless_211,wireless,mobile_211
wireless_212,wireless,mobile_212
wireless_213,wireless,mobile_213
wireless_214,wireless,mobile_214
wireless_215,wireless,mobile_215
wireless_216,wireless,mobile_216
wireless_217,wireless,mobile_217
wireless_218,wireless,mobile_218
wireless_219,wireless,mobile_219
wireless_220,wireless,mobile_220
wireless_221,wireless,mobile_221
wireless_222,wireless,mobile_222
wireless_223,wireless,mobile_223
wireless_224,wireless,mobile_224
wireless_225,wireless,mobile_225
wireless_226,wireless,mobile_226
wireless_227,wireless,mobile_227
wireless_228,wireless,mobile_228
wireless_229,wireless,mobile_229
wireless_230,wireless,mobile_230
wireless_231,wireless,mobile_231
wireless_232,wireless,mobile_232
wireless_233,wireless,mobile_233
wireless_234,wireless,mobile_234
wireless_235,wireless,mobile_235
wireless_236,wireless,mobile_236
wireless_237,wireless,mobile_237
wireless_238,wireless,mobile_238
wireless_239,wireless,mobile_239
wireless_240,wireless,mobile_240
wireless_241,wireless,mobile_241
wireless_242,wireless,mobile_242
wireless_243,wireless,mobile_243
wireless_244,wireless,mobile_244
wireless_245,wireless,mobile_245
wireless_246,wireless,mobile_246
wireless_247,wireless,mobile_247
wireless_248,wireless,mobile_248
wireless_249,wireless,mobile_249
wireless_250,wireless,mobile_250
wireless_251,wireless,mobile_251
wireless_252,wireless,mobile_252
wireless_253,wireless,mobile_253
wireless_254,wireless,mobile_254
wireless_255,wireless,mobile_255
wireless_256,wireless,mobile_256
wireless_257,wireless,mobile_257
wireless_258,wireless,mobile_258
wireless_259,wireless,mobile_259
wireless_260,wireless,mobile_260
wireless_261,wireless,mobile_261
wireless_262,wireless,mobile_262
wireless_263,wireless,mobile_263
wireless_264,wireless,mobile_264
wireless_265,wireless,mobile_265
wireless_266,wireless,mobile_266
wireless_267,wireless,mobile_267
wireless_268,wireless,mobile_268
wireless_269,wireless,mobile_269
wireless_270,wireless,mobile_270
wireless_271,wireless,mobile_271
wireless_272,wireless,mobile_272
wireless_273,wireless,mobile_273
wireless_274,wireless,mobile_274
wireless_275,wireless,mobile_275
wireless_276,wireless,mobile_276
wireless_277,wireless,mobile_277
wireless_278,wireless,mobile_278
wireless_279,wireless,mobile_279
wireless_280,wireless,mobile_280
wireless_281,wireless,mobile_281
wireless_282,wireless,mobile_282
wireless_283,wireless,mobile_283
wireless_284,wireless,mobile_284
wireless_285,wireless,mobile_285
wireless_286,wireless,mobile_286
wireless_287,wireless,mobile_287
wireless_288,wireless,mobile_288
wireless_289,wireless,mobile_289
wireless_290,wireless,mobile_290
wireless_291,wireless,mobile_291
wireless_292,wireless,mobile_292
wireless_293,wireless,mobile_293
wireless_294,wireless,mobile_294
wireless_295,wireless,mobile_295
wireless_296,wireless,mobile_296
wireless_297,wireless,mobile_297
wireless_298,wireless,mobile_298
wireless_299,wireless,mobile_299
wireless_300,wireless,mobile_300
wireless_301,wireless,mobile_301
wireless_302,wireless,mobile_302
wireless_303,wireless,mobile_303
wireless_304,wireless,mobile_304
wireless_305,wireless,mobile_305
wireless_306,wireless,mobile_306
wireless_307,wireless,mobile_307
wireless_308,wireless,mobile_308
wireless_309,wireless,mobile_309
wireless_310,wireless,mobile_310
wireless_311,wireless,mobile_311
wireless_312,wireless,mobile_312
wireless_313,wireless,mobile_313
wireless_314,wireless,mobile_314
wireless_315,wireless,mobile_315
wireless_316,wireless,mobile_316
wireless_317,wireless,mobile_317
wireless_318,wireless,mobile_318
wireless_319,wireless,mobile_319
wireless_320,wireless,mobile_320
wireless_321,wireless,mobile_321
wireless_322,wireless,mobile_322
wireless_323,wireless,mobile_323
wireless_324,wireless,mobile_324
wireless_325,wireless,mobile_325
wireless_326,wireless,mobile_326
wireless_327,wireless,mobile_327
wireless_328,wireless,mobile_328
wireless_329,wireless,mobile_329
wireless_330,wireless,mobile_330
wireless_331,wireless,mobile_331
wireless_332,wireless,mobile_332
wireless_333,wireless,mobile_333
wireless_334,wireless,mobile_334
wireless_335,wireless,mobile_335
wireless_336,wireless,mobile_336
wireless_337,wireless,mobile_337
wireless_338,wireless,mobile_338
wireless_339,wireless,mobile_339
wireless_340,wireless,mobile_340
wireless_341,wireless,mobile_341
wireless_342,wireless,mobile_342
wireless_343,wireless,mobile_343
wireless_344,wireless,mobile_344
wireless_345,wireless,mobile_345
wireless_346,wireless,mobile_346
wireless_347,wireless,mobile_347
wireless_348,wireless,mobile_348
wireless_349,wireless,mobile_349
wireless_350,wireless,mobile_350
wireless_351,wireless,mobile_351
wireless_352,wireless,mobile_352
wireless_353,wireless,mobile_353
wireless_354,wireless,mobile_354
wireless_355,wireless,mobile_355
wireless_356,wireless,mobile_356
wireless_357,wireless,mobile_357
wireless_358,wireless,mobile_358
wireless_359,wireless,mobile_359
wireless_360,wireless,mobile_360
wireless_361,wireless,mobile_361
wireless_362,wireless,mobile_362
wireless_363,wireless,mobile_363
wireless_364,wireless,mobile_364
wireless_365,wireless,mobile_365
wireless_366,wireless,mobile_366
wireless_367,wireless,mobile_367
wireless_368,wireless,mobile_368
wireless_369,wireless,mobile_369
wireless_370,wireless,mobile_370
wireless_371,wireless,mobile_371
wireless_372,wireless,mobile_372
wireless_373,wireless,mobile_373
wireless_374,wireless,mobile_374
wireless_375,wireless,mobile_375
wireless_376,wireless,mobile_376
wireless_377,wireless,mobile_377
wireless_378,wireless,mobile_378
wireless_379,wireless,mobile_379
wireless_380,wireless,mobile_380
wireless_381,wireless,mobile_381
wireless_382,wireless,mobile_382
wireless_383,wireless,mobile_383
wireless_384,wireless,mobile_384
wireless_385,wireless,mobile_385
wireless_386,wireless,mobile_386
wireless_387,wireless,mobile_387
wireless_388,wireless,mobile_388
wireless_389,wireless,mobile_389
wireless_390,wireless,mobile_390
wireless_391,wireless,mobile_391
wireless_392,wireless,mobile_392
wireless_393,wireless,mobile_393
wireless_394,wireless,mobile_394
wireless_395,wireless,mobile_395
wireless_396,wireless,mobile_396
wireless_397,wireless,mobile_397
wireless_398,wireless,mobile_398
wireless_399,wireless,mobile_399
wireless_400,wireless,mobile_400
wireless_401,wireless,mobile_401
wireless_402,wireless,mobile_402
wireless_403,wireless,mobile_403
wireless_404,wireless,mobile_404
wireless_405,wireless,mobile_405
wireless_406,wireless,mobile_406
wireless_407,wireless,mobile_407
wireless_408,wireless,mobile_408
wireless_409,wireless,mobile_409
wireless_410,wireless,mobile_410
wireless_411,wireless,mobile_411
wireless_412,wireless,mobile_412
wireless_413,wireless,mobile_413
wireless_414,wireless,mobile_414
wireless_415,wireless,mobile_415
wireless_416,wireless,mobile_416
wireless_417,wireless,mobile_417
wireless_418,wireless,mobile_418
wireless_419,wireless,mobile_419
wireless_420,wireless,mobile_420
wireless_421,wireless,mobile_421
wireless_422,wireless,mobile_422
wireless_423,wireless,mobile_423
wireless_424,wireless,mobile_424
wireless_425,wireless,mobile_425
wireless_426,wireless,mobile_426
wireless_427,wireless,mobile_427
wireless_428,wireless,mobile_428
wireless_429,wireless,mobile_429
wireless_430,wireless,mobile_430
wireless_431,wireless,mobile_431
wireless_432,wireless,mobile_432
wireless_433,wireless,mobile_433
wireless_434,wireless,mobile_434
wireless_435,wireless,mobile_435
wireless_436,wireless,mobile_436
wireless_437,wireless,mobile_437
wireless_438,wireless,mobile_438
wireless_439,wireless,mobile_439
wireless_440,wireless,mobile_440
wireless_441,wireless,mobile_441
wireless_442,wireless,mobile_442
wireless_443,wireless,mobile_443
wireless_444,wireless,mobile_444
wireless_445,wireless,mobile_445
wireless_446,wireless,mobile_446
wireless_447,wireless,mobile_447
wireless_448,wireless,mobile_448
wireless_449,wireless,mobile_449
wireless_450,wireless,mobile_450
wireless_451,wireless,mobile_451
wireless_452,wireless,mobile_452
wireless_453,wireless,mobile_453
wireless_454,wireless,mobile_454
wireless_455,wireless,mobile_455
wireless_456,wireless,mobile_456
wireless_457,wireless,mobile_457
wireless_458,wireless,mobile_458
wireless_459,wireless,mobile_459
wireless_460,wireless,mobile_460
wireless_461,wireless,mobile_461
wireless_462,wireless,mobile_462
wireless_463,wireless,mobile_463
wireless_464,wireless,mobile_464
wireless_465,wireless,mobile_465
wireless_466,wireless,mobile_466
wireless_467,wireless,mobile_467
wireless_468,wireless,mobile_468
wireless_469,wireless,mobile_469
wireless_470,wireless,mobile_470
wireless_471,wireless,mobile_471
wireless_472,wireless,mobile_472
wireless_473,wireless,mobile_473
wireless_474,wireless,mobile_474
wireless_475,wireless,mobile_475
wireless_476,wireless,mobile_476
wireless_477,wireless,mobile_477
wireless_478,wireless,mobile_478
wireless_479,wireless,mobile_479
wireless_480,wireless,mobile_480
wireless_481,wireless,mobile_481
wireless_482,wireless,mobile_482
wireless_483,wireless,mobile_483
wireless_484,wireless,mobile_484
wireless_485,wireless,mobile_485
wireless_486,wireless,mobile_486
wireless_487,wireless,mobile_487
wireless_488,wireless,mobile_488
wireless_489,wireless,mobile_489
wireless_490,wireless,mobile_490
wireless_491,wireless,mobile_491
wireless_492,wireless,mobile_492
wireless_493,wireless,mobile_493
wireless_494,wireless,mobile_494
wireless_495,wireless,mobile_495
wireless_496,wireless,mobile_496
wireless_497,wireless,mobile_497
wireless_498,wireless,mobile_498
wireless_499,wireless,mobile_499
wireless_500,wireless,mobile_500
wireless_501,wireless,mobile_501
wireless_502,wireless,mobile_502
wireless_503,wireless,mobile_503
wireless_504,wireless,mobile_504
wireless_505,wireless,mobile_505
wireless_506,wireless,mobile_506
wireless_507,wireless,mobile_507
wireless_508,wireless,mobile_508
wireless_509,wireless,mobile_509
wireless_510,wireless,mobile_510
wireless_511,wireless,mobile_511
wireless_512,wireless,mobile_512
wireless_513,wireless,mobile_513
wireless_514,wireless,mobile_514
wireless_515,wireless,mobile_515
wireless_516,wireless,mobile_516
wireless_517,wireless,mobile_517
wireless_518,wireless,mobile_518
wireless_519,wireless,mobile_519
wireless_520,wireless,mobile_520
wireless_521,wireless,mobile_521
wireless_522,wireless,mobile_522
wireless_523,wireless,mobile_523
wireless_524,wireless,mobile_524
wireless_525,wireless,mobile_525
wireless_526,wireless,mobile_526
wireless_527,wireless,mobile_527
wireless_528,wireless,mobile_528
wireless_529,wireless,mobile_529
wireless_530,wireless,mobile_530
wireless_531,wireless,mobile_531
wireless_532,wireless,mobile_532
wireless_533,wireless,mobile_533
wireless_534,wireless,mobile_534
wireless_535,wireless,mobile_535
wireless_536,wireless,mobile_536
wireless_537,wireless,mobile_537
wireless_538,wireless,mobile_538
wireless_539,wireless,mobile_539
wireless_540,wireless,mobile_540
wireless_541,wireless,mobile_541
wireless_542,wireless,mobile_542
wireless_543,wireless,mobile_543
wireless_544,wireless,mobile_544
wireless_545,wireless,mobile_545
wireless_546,wireless,mobile_546
wireless_547,wireless,mobile_547
wireless_548,wireless,mobile_548
wireless_549,wireless,mobile_549
wireless_550,wireless,mobile_550
wireless_551,wireless,mobile_551
wireless_552,wireless,mobile_552
wireless_553,wireless,mobile_553
wireless_554,wireless,mobile_554
wireless_555,wireless,mobile_555
wireless_556,wireless,mobile_556
wireless_557,wireless,mobile_557
wireless_558,wireless,mobile_558
wireless_559,wireless,mobile_559
wireless_560,wireless,mobile_560
wireless_561,wireless,mobile_561
wireless_562,wireless,mobile_562
wireless_563,wireless,mobile_563
wireless_564,wireless,mobile_564
wireless_565,wireless,mobile_565
wireless_566,wireless,mobile_566
wireless_567,wireless,mobile_567
wireless_568,wireless,mobile_568
wireless_569,wireless,mobile_569
wireless_570,wireless,mobile_570
wireless_571,wireless,mobile_571
wireless_572,wireless,mobile_572
wireless_573,wireless,mobile_573
wireless_574,wireless,mobile_574
wireless_575,wireless,mobile_575
wireless_576,wireless,mobile_576
wireless_577,wireless,mobile_577
wireless_578,wireless,mobile_578
wireless_579,wireless,mobile_579
wireless_580,wireless,mobile_580
wireless_581,wireless,mobile_581
wireless_582,wireless,mobile_582
wireless_583,wireless,mobile_583
wireless_584,wireless,mobile_584
wireless_585,wireless,mobile_585
wireless_586,wireless,mobile_586
wireless_587,wireless,mobile_587
wireless_588,wireless,mobile_588
wireless_589,wireless,mobile_589
wireless_590,wireless,mobile_590
wireless_591,wireless,mobile_591
wireless_592,wireless,mobile_592
wireless_593,wireless,mobile_593
wireless_594,wireless,mobile_594
wireless_595,wireless,mobile_595
wireless_596,wireless,mobile_596
wireless_597,wireless,mobile_597
wireless_598,wireless,mobile_598
wireless_599,wireless,mobile_599
wireless_600,wireless,mobile_600
wireless_601,wireless,mobile_601
wireless_602,wireless,mobile_602
wireless_603,wireless,mobile_603
wireless_604,wireless,mobile_604
wireless_605,wireless,mobile_605
wireless_606,wireless,mobile_606
wireless_607,wireless,mobile_607
wireless_608,wireless,mobile_608
wireless_609,wireless,mobile_609
wireless_610,wireless,mobile_610
wireless_611,wireless,mobile_611
wireless_612,wireless,mobile_612
wireless_613,wireless,mobile_613
wireless_614,wireless,mobile_614
wireless_615,wireless,mobile_615
wireless_616,wireless,mobile_616
wireless_617,wireless,mobile_617
wireless_618,wireless,mobile_618
wireless_619,wireless,mobile_619
wireless_620,wireless,mobile_620
wireless_621,wireless,mobile_621
wireless_622,wireless,mobile_622
wireless_623,wireless,mobile_623
wireless_624,wireless,mobile_624
wireless_625,wireless,mobile_625
wireless_626,wireless,mobile_626
wireless_627,wireless,mobile_627
wireless_628,wireless,mobile_628
wireless_629,wireless,mobile_629
wireless_630,wireless,mobile_630
wireless_631,wireless,mobile_631
wireless_632,wireless,mobile_632
wireless_633,wireless,mobile_633
wireless_634,wireless,mobile_634
wireless_635,wireless,mobile_635
wireless_636,wireless,mobile_636
wireless_637,wireless,mobile_637
wireless_638,wireless,mobile_638
wireless_639,wireless,mobile_639
wireless_640,wireless,mobile_640
wireless_641,wireless,mobile_641
wireless_642,wireless,mobile_642
wireless_643,wireless,mobile_643
wireless_644,wireless,mobile_644
wireless_645,wireless,mobile_645
wireless_646,wireless,mobile_646
wireless_647,wireless,mobile_647
wireless_648,wireless,mobile_648
wireless_649,wireless,mobile_649
wireless_650,wireless,mobile_650
wireless_651,wireless,mobile_651
wireless_652,wireless,mobile_652
wireless_653,wireless,mobile_653
wireless_654,wireless,mobile_654
wireless_655,wireless,mobile_655
wireless_656,wireless,mobile_656
wireless_657,wireless,mobile_657
wireless_658,wireless,mobile_658
wireless_659,wireless,mobile_659
wireless_660,wireless,mobile_660
wireless_661,wireless,mobile_661
wireless_662,wireless,mobile_662
wireless_663,wireless,mobile_663
wireless_664,wireless,mobile_664
wireless_665,wireless,mobile_665
wireless_666,wireless,mobile_666
wireless_667,wireless,mobile_667
wireless_668,wireless,mobile_668
wireless_669,wireless,mobile_669
wireless_670,wireless,mobile_670
wireless_671,wireless,mobile_671
wireless_672,wireless,mobile_672
wireless_673,wireless,mobile_673
wireless_674,wireless,mobile_674
wireless_675,wireless,mobile_675
wireless_676,wireless,mobile_676
wireless_677,wireless,mobile_677
wireless_678,wireless,mobile_678
wireless_679,wireless,mobile_679
wireless_680,wireless,mobile_680
wireless_681,wireless,mobile_681
wireless_682,wireless,mobile_682
wireless_683,wireless,mobile_683
wireless_684,wireless,mobile_684
wireless_685,wireless,mobile_685
wireless_686,wireless,mobile_686
wireless_687,wireless,mobile_687
wireless_688,wireless,mobile_688
wireless_689,wireless,mobile_689
wireless_690,wireless,mobile_690
wireless_691,wireless,mobile_691
wireless_692,wireless,mobile_692
wireless_693,wireless,mobile_693
wireless_694,wireless,mobile_694
wireless_695,wireless,mobile_695
wireless_696,wireless,mobile_696
wireless_697,wireless,mobile_697
wireless_698,wireless,mobile_698
wireless_699,wireless,mobile_699
wireless_700,wireless,mobile_700
wireless_701,wireless,mobile_701
wireless_702,wireless,mobile_702
wireless_703,wireless,mobile_703
wireless_704,wireless,mobile_704
wireless_705,wireless,mobile_705
wireless_706,wireless,mobile_706
wireless_707,wireless,mobile_707
wireless_708,wireless,mobile_708
wireless_709,wireless,mobile_709
wireless_710,wireless,mobile_710
wireless_711,wireless,mobile_711
wireless_712,wireless,mobile_712
wireless_713,wireless,mobile_713
wireless_714,wireless,mobile_714
wireless_715,wireless,mobile_715
wireless_716,wireless,mobile_716
wireless_717,wireless,mobile_717
wireless_718,wireless,mobile_718
wireless_719,wireless,mobile_719
wireless_720,wireless,mobile_720
wireless_721,wireless,mobile_721
wireless_722,wireless,mobile_722
wireless_723,wireless,mobile_723
wireless_724,wireless,mobile_724
wireless_725,wireless,mobile_725
wireless_726,wireless,mobile_726
wireless_727,wireless,mobile_727
wireless_728,wireless,mobile_728
wireless_729,wireless,mobile_729
wireless_730,wireless,mobile_730
wireless_731,wireless,mobile_731
wireless_732,wireless,mobile_732
wireless_733,wireless,mobile_733
wireless_734,wireless,mobile_734
wireless_735,wireless,mobile_735
wireless_736,wireless,mobile_736
wireless_737,wireless,mobile_737
wireless_738,wireless,mobile_738
wireless_739,wireless,mobile_739
wireless_740,wireless,mobile_740
wireless_741,wireless,mobile_741
wireless_742,wireless,mobile_742
wireless_743,wireless,mobile_743
wireless_744,wireless,mobile_744
wireless_745,wireless,mobile_745
wireless_746,wireless,mobile_746
wireless_747,wireless,mobile_747
wireless_748,wireless,mobile_748
wireless_749,wireless,mobile_749
wireless_750,wireless,mobile_750
wireless_751,wireless,mobile_751
wireless_752,wireless,mobile_752
wireless_753,wireless,mobile_753
wireless_754,wireless,mobile_754
wireless_755,wireless,mobile_755
wireless_756,wireless,mobile_756
wireless_757,wireless,mobile_757
wireless_758,wireless,mobile_758
wireless_759,wireless,mobile_759
wireless_760,wireless,mobile_760
wireless_761,wireless,mobile_761
wireless_762,wireless,mobile_762
wireless_763,wireless,mobile_763
wireless_764,wireless,mobile_764
wireless_765,wireless,mobile_765
wireless_766,wireless,mobile_766
wireless_767,wireless,mobile_767
wireless_768,wireless,mobile_768
wireless_769,wireless,mobile_769
wireless_770,wireless,mobile_770
wireless_771,wireless,mobile_771
wireless_772,wireless,mobile_772
wireless_773,wireless,mobile_773
wireless_774,wireless,mobile_774
wireless_775,wireless,mobile_775
wireless_776,wireless,mobile_776
wireless_777,wireless,mobile_777
wireless_778,wireless,mobile_778
wireless_779,wireless,mobile_779
wireless_780,wireless,mobile_780
wireless_781,wireless,mobile_781
wireless_782,wireless,mobile_782
wireless_783,wireless,mobile_783
wireless_784,wireless,mobile_784
wireless_785,wireless,mobile_785
wireless_786,wireless,mobile_786
wireless_787,wireless,mobile_787
wireless_788,wireless,mobile_788
wireless_789,wireless,mobile_789
wireless_790,wireless,mobile_790
wireless_791,wireless,mobile_791
wireless_792,wireless,mobile_792
wireless_793,wireless,mobile_793
wireless_794,wireless,mobile_794
wireless_795,wireless,mobile_795
wireless_796,wireless,mobile_796
wireless_797,wireless,mobile_797
wireless_798,wireless,mobile_798
wireless_799,wireless,mobile_799
wireless_800,wireless,mobile_800
wireless_801,wireless,mobile_801
wireless_802,wireless,mobile_802
wireless_803,wireless,mobile_803
wireless_804,wireless,mobile_804
wireless_805,wireless,mobile_805
wireless_806,wireless,mobile_806
wireless_807,wireless,mobile_807
wireless_808,wireless,mobile_808
wireless_809,wireless,mobile_809
wireless_810,wireless,mobile_810
wireless_811,wireless,mobile_811
wireless_812,wireless,mobile_812
wireless_813,wireless,mobile_813
wireless_814,wireless,mobile_814
wireless_815,wireless,mobile_815
wireless_816,wireless,mobile_816
wireless_817,wireless,mobile_817
wireless_818,wireless,mobile_818
wireless_819,wireless,mobile_819
wireless_820,wireless,mobile_820
wireless_821,wireless,mobile_821
wireless_822,wireless,mobile_822
wireless_823,wireless,mobile_823
wireless_824,wireless,mobile_824
wireless_825,wireless,mobile_825
wireless_826,wireless,mobile_826
wireless_827,wireless,mobile_827
wireless_828,wireless,mobile_828
wireless_829,wireless,mobile_829
wireless_830,wireless,mobile_830
wireless_831,wireless,mobile_831
wireless_832,wireless,mobile_832
wireless_833,wireless,mobile_833
wireless_834,wireless,mobile_834
wireless_835,wireless,mobile_835
wireless_836,wireless,mobile_836
wireless_837,wireless,mobile_837
wireless_838,wireless,mobile_838
wireless_839,wireless,mobile_839
wireless_840,wireless,mobile_840
wireless_841,wireless,mobile_841
wireless_842,wireless,mobile_842
wireless_843,wireless,mobile_843
wireless_844,wireless,mobile_844
wireless_845,wireless,mobile_845
wireless_846,wireless,mobile_846
wireless_847,wireless,mobile_847
wireless_848,wireless,mobile_848
wireless_849,wireless,mobile_849
wireless_850,wireless,mobile_850
wireless_851,wireless,mobile_851
wireless_852,wireless,mobile_852
wireless_853,wireless,mobile_853
wireless_854,wireless,mobile_854
wireless_855,wireless,mobile_855
wireless_856,wireless,mobile_856
wireless_857,wireless,mobile_857
wireless_858,wireless,mobile_858
wireless_859,wireless,mobile_859
wireless_860,wireless,mobile_860
wireless_861,wireless,mobile_861
wireless_862,wireless,mobile_862
wireless_863,wireless,mobile_863
wireless_864,wireless,mobile_864
wireless_865,wireless,mobile_865
wireless_866,wireless,mobile_866
wireless_867,wireless,mobile_867
wireless_868,wireless,mobile_868
wireless_869,wireless,mobile_869
wireless_870,wireless,mobile_870
wireless_871,wireless,mobile_871
wireless_872,wireless,mobile_872
wireless_873,wireless,mobile_873
wireless_874,wireless,mobile_874
wireless_875,wireless,mobile_875
wireless_876,wireless,mobile_876
wireless_877,wireless,mobile_877
wireless_878,wireless,mobile_878
wireless_879,wireless,mobile_879
wireless_880,wireless,mobile_880
wireless_881,wireless,mobile_881
wireless_882,wireless,mobile_882
wireless_883,wireless,mobile_883
wireless_884,wireless,mobile_884
wireless_885,wireless,mobile_885
wireless_886,wireless,mobile_886
wireless_887,wireless,mobile_887
wireless_888,wireless,mobile_888
wireless_889,wireless,mobile_889
wireless_890,wireless,mobile_890
wireless_891,wireless,mobile_891
wireless_892,wireless,mobile_892
wireless_893,wireless,mobile_893
wireless_894,wireless,mobile_894
wireless_895,wireless,mobile_895
wireless_896,wireless,mobile_896
wireless_897,wireless,mobile_897
wireless_898,wireless,mobile_898
wireless_899,wireless,mobile_899
wireless_900,wireless,mobile_900
wireless_901,wireless,mobile_901
wireless_902,wireless,mobile_902
wireless_903,wireless,mobile_903
wireless_904,wireless,mobile_904
wireless_905,wireless,mobile_905
wireless_906,wireless,mobile_906
wireless_907,wireless,mobile_907
wireless_908,wireless,mobile_908
wireless_909,wireless,mobile_909
wireless_910,wireless,mobile_910
wireless_911,wireless,mobile_911
wireless_912,wireless,mobile_912
wireless_913,wireless,mobile_913
wireless_914,wireless,mobile_914
wireless_915,wireless,mobile_915
wireless_916,wireless,mobile_916
wireless_917,wireless,mobile_917
wireless_918,wireless,mobile_918
wireless_919,wireless,mobile_919
wireless_920,wireless,mobile_920
wireless_921,wireless,mobile_921
wireless_922,wireless,mobile_922
wireless_923,wireless,mobile_923
wireless_924,wireless,mobile_924
wireless_925,wireless,mobile_925
wireless_926,wireless,mobile_926
wireless_927,wireless,mobile_927
wireless_928,wireless,mobile_928
wireless_929,wireless,mobile_929
wireless_930,wireless,mobile_930
wireless_931,wireless,mobile_931
wireless_932,wireless,mobile_932
wireless_933,wireless,mobile_933
wireless_934,wireless,mobile_934
wireless_935,wireless,mobile_935
wireless_936,wireless,mobile_936
wireless_937,wireless,mobile_937
wireless_938,wireless,mobile_938
wireless_939,wireless,mobile_939
wireless_940,wireless,mobile_940
wireless_941,wireless,mobile_941
wireless_942,wireless,mobile_942
wireless_943,wireless,mobile_943
wireless_944,wireless,mobile_944
wireless_945,wireless,mobile_945
wireless_946,wireless,mobile_946
wireless_947,wireless,mobile_947
wireless_948,wireless,mobile_948
wireless_949,wireless,mobile_949
wireless_950,wireless,mobile_950
wireless_951,wireless,mobile_951
wireless_952,wireless,mobile_952
wireless_953,wireless,mobile_953
wireless_954,wireless,mobile_954
wireless_955,wireless,mobile_955
wireless_956,wireless,mobile_956
wireless_957,wireless,mobile_957
wireless_958,wireless,mobile_958
wireless_959,wireless,mobile_959
wireless_960,wireless,mobile_960
wireless_961,wireless,mobile_961
wireless_962,wireless,mobile_962
wireless_963,wireless,mobile_963
wireless_964,wireless,mobile_964
wireless_965,wireless,mobile_965
wireless_966,wireless,mobile_966
wireless_967,wireless,mobile_967
wireless_968,wireless,mobile_968
wireless_969,wireless,mobile_969
wireless_970,wireless,mobile_970
wireless_971,wireless,mobile_971
wireless_972,wireless,mobile_972
wireless_973,wireless,mobile_973
wireless_974,wireless,mobile_974
wireless_975,wireless,mobile_975
wireless_976,wireless,mobile_976
wireless_977,wireless,mobile_977
wireless_978,wireless,mobile_978
wireless_979,wireless,mobile_979
wireless_980,wireless,mobile_980
wireless_981,wireless,mobile_981
wireless_982,wireless,mobile_982
wireless_983,wireless,mobile_983
wireless_984,wireless,mobile_984
wireless_985,wireless,mobile_985
wireless_986,wireless,mobile_986
wireless_987,wireless,mobile_987
wireless_988,wireless,mobile_988
wireless_989,wireless,mobile_989
wireless_990,wireless,mobile_990
wireless_991,wireless,mobile_991
wireless_992,wireless,mobile_992
wireless_993,wireless,mobile_993
wireless_994,wireless,mobile_994
wireless_995,wireless,mobile_995
wireless_996,wireless,mobile_996
wireless_997,wireless,mobile_997
wireless_998,wireless,mobile_998
wireless_999,wireless,mobile_999
wireless_1000,wireless,mobile_1000
pc_1,pc,computer_1
pc_2,pc,computer_2
pc_3,pc,computer_3
pc_4,pc,computer_4
pc_5,pc,computer_5
pc_6,pc,computer_6
pc_7,pc,computer_7
pc_8,pc,computer_8
pc_9,pc,computer_9
pc_10,pc,computer_10
pc_11,pc,computer_11
pc_12,pc,computer_12
pc_13,pc,computer_13
pc_14,pc,computer_14
pc_15,pc,computer_15
pc_16,pc,computer_16
pc_17,pc,computer_17
pc_18,pc,computer_18
pc_19,pc,computer_19
pc_20,pc,computer_20
pc_21,pc,computer_21
pc_22,pc,computer_22
pc_23,pc,computer_23
pc_24,pc,computer_24
pc_25,pc,computer_25
pc_26,pc,computer_26
pc_27,pc,computer_27
pc_28,pc,computer_28
pc_29,pc,computer_29
pc_30,pc,computer_30
pc_31,pc,computer_31
pc_32,pc,computer_32
pc_33,pc,computer_33
pc_34,pc,computer_34
pc_35,pc,computer_35
pc_36,pc,computer_36
pc_37,pc,computer_37
pc_38,pc,computer_38
pc_39,pc,computer_39
pc_40,pc,computer_40
pc_41,pc,computer_41
pc_42,pc,computer_42
pc_43,pc,computer_43
pc_44,pc,computer_44
pc_45,pc,computer_45
pc_46,pc,computer_46
pc_47,pc,computer_47
pc_48,pc,computer_48
pc_49,pc,computer_49
pc_50,pc,computer_50
pc_51,pc,computer_51
pc_52,pc,computer_52
pc_53,pc,computer_53
pc_54,pc,computer_54
pc_55,pc,computer_55
pc_56,pc,computer_56
pc_57,pc,computer_57
pc_58,pc,computer_58
pc_59,pc,computer_59
pc_60,pc,computer_60
pc_61,pc,computer_61
pc_62,pc,computer_62
pc_63,pc,computer_63
pc_64,pc,computer_64
pc_65,pc,computer_65
pc_66,pc,computer_66
pc_67,pc,computer_67
pc_68,pc,computer_68
pc_69,pc,computer_69
pc_70,pc,computer_70
pc_71,pc,computer_71
pc_72,pc,computer_72
pc_73,pc,computer_73
pc_74,pc,computer_74
pc_75,pc,computer_75
pc_76,pc,computer_76
pc_77,pc,computer_77
pc_78,pc,computer_78
pc_79,pc,computer_79
pc_80,pc,computer_80
pc_81,pc,computer_81
pc_82,pc,computer_82
pc_83,pc,computer_83
pc_84,pc,computer_84
pc_85,pc,computer_85
pc_86,pc,computer_86
pc_87,pc,computer_87
pc_88,pc,computer_88
pc_89,pc,computer_89
pc_90,pc,computer_90
pc_91,pc,computer_91
pc_92,pc,computer_92
pc_93,pc,computer_93
pc_94,pc,computer_94
pc_95,pc,computer_95
pc_96,pc,computer_96
pc_97,pc,computer_97
pc_98,pc,computer_98
pc_99,pc,computer_99
pc_100,pc,computer_100
pc_101,pc,computer_101
pc_102,pc,computer_102
pc_103,pc,computer_103
pc_104,pc,computer_104
pc_105,pc,computer_105
pc_106,pc,computer_106
pc_107,pc,computer_107
pc_108,pc,computer_108
pc_109,pc,computer_109
pc_110,pc,computer_110
pc_111,pc,computer_111
pc_112,pc,computer_112
pc_113,pc,computer_113
pc_114,pc,computer_114
pc_115,pc,computer_115
pc_116,pc,computer_116
pc_117,pc,computer_117
pc_118,pc,computer_118
pc_119,pc,computer_119
pc_120,pc,computer_120
pc_121,pc,computer_121
pc_122,pc,computer_122
pc_123,pc,computer_123
pc_124,pc,computer_124
pc_125,pc,computer_125
pc_126,pc,computer_126
pc_127,pc,computer_127
pc_128,pc,computer_128
pc_129,pc,computer_129
pc_130,pc,computer_130
pc_131,pc,computer_131
pc_132,pc,computer_132
pc_133,pc,computer_133
pc_134,pc,computer_134
pc_135,pc,computer_135
pc_136,pc,computer_136
pc_137,pc,computer_137
pc_138,pc,computer_138
pc_139,pc,computer_139
pc_140,pc,computer_140
pc_141,pc,computer_141
pc_142,pc,computer_142
pc_143,pc,computer_143
pc_144,pc,computer_144
pc_145,pc,computer_145
pc_146,pc,computer_146
pc_147,pc,computer_147
pc_148,pc,computer_148
pc_149,pc,computer_149
pc_150,pc,computer_150
pc_151,pc,computer_151
pc_152,pc,computer_152
pc_153,pc,computer_153
pc_154,pc,computer_154
pc_155,pc,computer_155
pc_156,pc,computer_156
pc_157,pc,computer_157
pc_158,pc,computer_158
pc_159,pc,computer_159
pc_160,pc,computer_160
pc_161,pc,computer_161
pc_162,pc,computer_162
pc_163,pc,computer_163
pc_164,pc,computer_164
pc_165,pc,computer_165
pc_166,pc,computer_166
pc_167,pc,computer_167
pc_168,pc,computer_168
pc_169,pc,computer_169
pc_170,pc,computer_170
pc_171,pc,computer_171
pc_172,pc,computer_172
pc_173,pc,computer_173
pc_174,pc,computer_174
pc_175,pc,computer_175
pc_176,pc,computer_176
pc_177,pc,computer_177
pc_178,pc,computer_178
pc_179,pc,computer_179
pc_180,pc,computer_180
pc_181,pc,computer_181
pc_182,pc,computer_182
pc_183,pc,computer_183
pc_184,pc,computer_184
pc_185,pc,computer_185
pc_186,pc,computer_186
pc_187,pc,computer_187
pc_188,pc,computer_188
pc_189,pc,computer_189
pc_190,pc,computer_190
pc_191,pc,computer_191
pc_192,pc,computer_192
pc_193,pc,computer_193
pc_194,pc,computer_194
pc_195,pc,computer_195
pc_196,pc,computer_196
pc_197,pc,computer_197
pc_198,pc,computer_198
pc_199,pc,computer_199
pc_200,pc,computer_200
pc_201,pc,computer_201
pc_202,pc,computer_202
pc_203,pc,computer_203
pc_204,pc,computer_204
pc_205,pc,computer_205
pc_206,pc,computer_206
pc_207,pc,computer_207
pc_208,pc,computer_208
pc_209,pc,computer_209
pc_210,pc,computer_210
pc_211,pc,computer_211
pc_212,pc,computer_212
pc_213,pc,computer_213
pc_214,pc,computer_214
pc_215,pc,computer_215
pc_216,pc,computer_216
pc_217,pc,computer_217
pc_218,pc,computer_218
pc_219,pc,computer_219
pc_220,pc,computer_220
pc_221,pc,computer_221
pc_222,pc,computer_222
pc_223,pc,computer_223
pc_224,pc,computer_224
pc_225,pc,computer_225
pc_226,pc,computer_226
pc_227,pc,computer_227
pc_228,pc,computer_228
pc_229,pc,computer_229
pc_230,pc,computer_230
pc_231,pc,computer_231
pc_232,pc,computer_232
pc_233,pc,computer_233
pc_234,pc,computer_234
pc_235,pc,computer_235
pc_236,pc,computer_236
pc_237,pc,computer_237
pc_238,pc,computer_238
pc_239,pc,computer_239
pc_240,pc,computer_240
pc_241,pc,computer_241
pc_242,pc,computer_242
pc_243,pc,computer_243
pc_244,pc,computer_244
pc_245,pc,computer_245
pc_246,pc,computer_246
pc_247,pc,computer_247
pc_248,pc,computer_248
pc_249,pc,computer_249
pc_250,pc,computer_250
pc_251,pc,computer_251
pc_252,pc,computer_252
pc_253,pc,computer_253
pc_254,pc,computer_254
pc_255,pc,computer_255
pc_256,pc,computer_256
pc_257,pc,computer_257
pc_258,pc,computer_258
pc_259,pc,computer_259
pc_260,pc,computer_260
pc_261,pc,computer_261
pc_262,pc,computer_262
pc_263,pc,computer_263
pc_264,pc,computer_264
pc_265,pc,computer_265
pc_266,pc,computer_266
pc_267,pc,computer_267
pc_268,pc,computer_268
pc_269,pc,computer_269
pc_270,pc,computer_270
pc_271,pc,computer_271
pc_272,pc,computer_272
pc_273,pc,computer_273
pc_274,pc,computer_274
pc_275,pc,computer_275
pc_276,pc,computer_276
pc_277,pc,computer_277
pc_278,pc,computer_278
pc_279,pc,computer_279
pc_280,pc,computer_280
pc_281,pc,computer_281
pc_282,pc,computer_282
pc_283,pc,computer_283
pc_284,pc,computer_284
pc_285,pc,computer_285
pc_286,pc,computer_286
pc_287,pc,computer_287
pc_288,pc,computer_288
pc_289,pc,computer_289
pc_290,pc,computer_290
pc_291,pc,computer_291
pc_292,pc,computer_292
pc_293,pc,computer_293
pc_294,pc,computer_294
pc_295,pc,computer_295
pc_296,pc,computer_296
pc_297,pc,computer_297
pc_298,pc,computer_298
pc_299,pc,computer_299
pc_300,pc,computer_300
pc_301,pc,computer_301
pc_302,pc,computer_302
pc_303,pc,computer_303
pc_304,pc,computer_304
pc_305,pc,computer_305
pc_306,pc,computer_306
pc_307,pc,computer_307
pc_308,pc,computer_308
pc_309,pc,computer_309
pc_310,pc,computer_310
pc_311,pc,computer_311
pc_312,pc,computer_312
pc_313,pc,computer_313
pc_314,pc,computer_314
pc_315,pc,computer_315
pc_316,pc,computer_316
pc_317,pc,computer_317
pc_318,pc,computer_318
pc_319,pc,computer_319
pc_320,pc,computer_320
pc_321,pc,computer_321
pc_322,pc,computer_322
pc_323,pc,computer_323
pc_324,pc,computer_324
pc_325,pc,computer_325
pc_326,pc,computer_326
pc_327,pc,computer_327
pc_328,pc,computer_328
pc_329,pc,computer_329
pc_330,pc,computer_330
pc_331,pc,computer_331
pc_332,pc,computer_332
pc_333,pc,computer_333
pc_334,pc,computer_334
pc_335,pc,computer_335
pc_336,pc,computer_336
pc_337,pc,computer_337
pc_338,pc,computer_338
pc_339,pc,computer_339
pc_340,pc,computer_340
pc_341,pc,computer_341
pc_342,pc,computer_342
pc_343,pc,computer_343
pc_344,pc,computer_344
pc_345,pc,computer_345
pc_346,pc,computer_346
pc_347,pc,computer_347
pc_348,pc,computer_348
pc_349,pc,computer_349
pc_350,pc,computer_350
pc_351,pc,computer_351
pc_352,pc,computer_352
pc_353,pc,computer_353
pc_354,pc,computer_354
pc_355,pc,computer_355
pc_356,pc,computer_356
pc_357,pc,computer_357
pc_358,pc,computer_358
pc_359,pc,computer_359
pc_360,pc,computer_360
pc_361,pc,computer_361
pc_362,pc,computer_362
pc_363,pc,computer_363
pc_364,pc,computer_364
pc_365,pc,computer_365
pc_366,pc,computer_366
pc_367,pc,computer_367
pc_368,pc,computer_368
pc_369,pc,computer_369
pc_370,pc,computer_370
pc_371,pc,computer_371
pc_372,pc,computer_372
pc_373,pc,computer_373
pc_374,pc,computer_374
pc_375,pc,computer_375
pc_376,pc,computer_376
pc_377,pc,computer_377
pc_378,pc,computer_378
pc_379,pc,computer_379
pc_380,pc,computer_380
pc_381,pc,computer_381
pc_382,pc,computer_382
pc_383,pc,computer_383
pc_384,pc,computer_384
pc_385,pc,computer_385
pc_386,pc,computer_386
pc_387,pc,computer_387
pc_388,pc,computer_388
pc_389,pc,computer_389
pc_390,pc,computer_390
pc_391,pc,computer_391
pc_392,pc,computer_392
pc_393,pc,computer_393
pc_394,pc,computer_394
pc_395,pc,computer_395
pc_396,pc,computer_396
pc_397,pc,computer_397
pc_398,pc,computer_398
pc_399,pc,computer_399
pc_400,pc,computer_400
pc_401,pc,computer_401
pc_402,pc,computer_402
pc_403,pc,computer_403
pc_404,pc,computer_404
pc_405,pc,computer_405
pc_406,pc,computer_406
pc_407,pc,computer_407
pc_408,pc,computer_408
pc_409,pc,computer_409
pc_410,pc,computer_410
pc_411,pc,computer_411
pc_412,pc,computer_412
pc_413,pc,computer_413
pc_414,pc,computer_414
pc_415,pc,computer_415
pc_416,pc,computer_416
pc_417,pc,computer_417
pc_418,pc,computer_418
pc_419,pc,computer_419
pc_420,pc,computer_420
pc_421,pc,computer_421
pc_422,pc,computer_422
pc_423,pc,computer_423
pc_424,pc,computer_424
pc_425,pc,computer_425
pc_426,pc,computer_426
pc_427,pc,computer_427
pc_428,pc,computer_428
pc_429,pc,computer_429
pc_430,pc,computer_430
pc_431,pc,computer_431
pc_432,pc,computer_432
pc_433,pc,computer_433
pc_434,pc,computer_434
pc_435,pc,computer_435
pc_436,pc,computer_436
pc_437,pc,computer_437
pc_438,pc,computer_438
pc_439,pc,computer_439
pc_440,pc,computer_440
pc_441,pc,computer_441
pc_442,pc,computer_442
pc_443,pc,computer_443
pc_444,pc,computer_444
pc_445,pc,computer_445
pc_446,pc,computer_446
pc_447,pc,computer_447
pc_448,pc,computer_448
pc_449,pc,computer_449
pc_450,pc,computer_450
pc_451,pc,computer_451
pc_452,pc,computer_452
pc_453,pc,computer_453
pc_454,pc,computer_454
pc_455,pc,computer_455
pc_456,pc,computer_456
pc_457,pc,computer_457
pc_458,pc,computer_458
pc_459,pc,computer_459
pc_460,pc,computer_460
pc_461,pc,computer_461
pc_462,pc,computer_462
pc_463,pc,computer_463
pc_464,pc,computer_464
pc_465,pc,computer_465
pc_466,pc,computer_466
pc_467,pc,computer_467
pc_468,pc,computer_468
pc_469,pc,computer_469
pc_470,pc,computer_470
pc_471,pc,computer_471
pc_472,pc,computer_472
pc_473,pc,computer_473
pc_474,pc,computer_474
pc_475,pc,computer_475
pc_476,pc,computer_476
pc_477,pc,computer_477
pc_478,pc,computer_478
pc_479,pc,computer_479
pc_480,pc,computer_480
pc_481,pc,computer_481
pc_482,pc,computer_482
pc_483,pc,computer_483
pc_484,pc,computer_484
pc_485,pc,computer_485
pc_486,pc,computer_486
pc_487,pc,computer_487
pc_488,pc,computer_488
pc_489,pc,computer_489
pc_490,pc,computer_490
pc_491,pc,computer_491
pc_492,pc,computer_492
pc_493,pc,computer_493
pc_494,pc,computer_494
pc_495,pc,computer_495
pc_496,pc,computer_496
pc_497,pc,computer_497
pc_498,pc,computer_498
pc_499,pc,computer_499
pc_500,pc,computer_500
